TE0,TE1,TL0,TL1,TimeSyncsReceived,EmotiBitStartTime, EmotiBitEndTime, DataParserVersion
59704.000000,254559.000000,1707823656.949173,1707823857.918423,53,32200,305534,1.8.4