TE0,TE1,TL0,TL1,TimeSyncsReceived,EmotiBitStartTime, EmotiBitEndTime, DataParserVersion
623572.000000,828495.000000,1707824238.406556,1707824449.606459,48,622440,871025,1.8.4