TE0,TE1,TL0,TL1,TimeSyncsReceived,EmotiBitStartTime, EmotiBitEndTime, DataParserVersion
520184.000000,725043.000000,1707151627.959807,1707151839.365992,53,495631,770751,1.8.4