TE0,TE1,TL0,TL1,TimeSyncsReceived,EmotiBitStartTime, EmotiBitEndTime, DataParserVersion
387877.000000,567165.000000,1707823995.442926,1707824180.271312,45,368027,605224,1.8.4